country,topic,wvs_score,log_prob_diff,normalized,corr_overall,pvalue
Andorra,claiming government benefits to which you are not entitled,-0.7780006686726848,-2.761328125,,,
Andorra,avoiding a fare on public transport,-0.8026169882457307,-1.7111328125,,,
Andorra,stealing property,-0.8876703223662347,-2.8439453125,,,
Andorra,cheating on taxes,-0.8497058497058497,-2.90390625,,,
Andorra,someone accepting a bribe in the course of their duties,-0.9320679320679321,-2.1484375,,,
Andorra,homosexuality,0.5611166722277833,-2.1294921875,,,
Andorra,prostitution,-0.17001338688085676,-2.0296875,,,
Andorra,abortion,0.12757201646090535,-1.68203125,,,
Andorra,divorce,0.6097777777777779,-2.2013671875,,,
Andorra,sex before marriage,0.5981704596162428,-2.219140625,,,
Andorra,suicide,-0.41377777777777774,-2.3265625,,,
Andorra,euthanasia,0.15251202864495916,-2.030078125,,,
Andorra,for a man to beat his wife,-0.9547119547119548,-2.268359375,,,
Andorra,parents beating children,-0.8464606181455633,-2.6328125,,,
Andorra,violence against other people,-0.9341317365269461,-2.626171875,,,
Andorra,"terrorism as a political, ideological or religious mean",-0.9724444444444444,-2.2041015625,,,
Andorra,having casual sex,0.04112337011033099,-1.8490234375,,,
Andorra,political violence,-0.924963924963925,-2.2654296875,,,
Andorra,death penalty,-0.4674214674214674,-2.9427734375,,,
Argentina,claiming government benefits to which you are not entitled,-0.20891618332764697,-2.8314453125,,,
Argentina,avoiding a fare on public transport,-0.5445232466509061,-2.0400390625,,,
Argentina,stealing property,-0.8379111563241777,-3.0673828125,,,
Argentina,cheating on taxes,-0.746418499717992,-3.128515625,,,
Argentina,someone accepting a bribe in the course of their duties,-0.8053872053872053,-2.22109375,,,
Argentina,homosexuality,0.11631363805276848,-2.3912109375,,,
Argentina,prostitution,-0.35122717930117275,-2.4630859375,,,
Argentina,abortion,-0.41549953314659194,-1.8923828125,,,
Argentina,divorce,0.22902015939990625,-2.5203125,,,
Argentina,sex before marriage,0.27535202934563957,-2.5029296875,,,
Argentina,suicide,-0.6305020223649774,-2.9103515625,,,
Argentina,euthanasia,-0.3649700216864396,-1.97734375,,,
Argentina,for a man to beat his wife,-0.902150897135852,-2.44296875,,,
Argentina,parents beating children,-0.7900614182021217,-2.87265625,,,
Argentina,violence against other people,-0.8387096774193549,-2.7494140625,,,
Argentina,"terrorism as a political, ideological or religious mean",-0.8651278569812175,-2.47529296875,,,
Argentina,having casual sex,-0.051199427139276756,-2.3533203125,,,
Argentina,political violence,-0.809196193097122,-2.38125,,,
Argentina,death penalty,-0.4703164703164703,-3.00546875,,,
Armenia,claiming government benefits to which you are not entitled,-0.8081058726220016,-2.56572265625,,,
Armenia,avoiding a fare on public transport,-0.9092821216278006,-1.997265625,,,
Armenia,stealing property,-0.9697135559204526,-2.9865234375,,,
Armenia,cheating on taxes,-0.8521564327485379,-3.047265625,,,
Armenia,someone accepting a bribe in the course of their duties,-0.9374485596707819,-2.245703125,,,
Armenia,homosexuality,-0.9171250458379172,-2.16875,,,
Armenia,prostitution,-0.9198753208654199,-2.41328125,,,
Armenia,abortion,-0.6698306346547553,-1.8212890625,,,
Armenia,divorce,-0.4196814876185216,-2.169921875,,,
Armenia,sex before marriage,-0.6679608060639673,-2.3810546875,,,
Armenia,suicide,-0.9302474207979551,-2.524609375,,,
Armenia,euthanasia,-0.675446049277825,-2.18515625,,,
Armenia,for a man to beat his wife,-0.9453103636860815,-2.5837890625,,,
Armenia,parents beating children,-0.7974822112753147,-2.696875,,,
Armenia,violence against other people,-0.9399744572158365,-2.68203125,,,
Armenia,"terrorism as a political, ideological or religious mean",-0.946843853820598,-2.38193359375,,,
Armenia,having casual sex,-0.8479338842975207,-2.165625,,,
Armenia,political violence,-0.958943201693823,-2.47734375,,,
Armenia,death penalty,-0.630057803468208,-3.1849609375,,,
Australia,claiming government benefits to which you are not entitled,-0.8268992823558525,-2.74833984375,,,
Australia,avoiding a fare on public transport,-0.7320663312837711,-1.875390625,,,
Australia,stealing property,-0.9108138238573021,-2.9435546875,,,
Australia,cheating on taxes,-0.8114026924747193,-2.9359375,,,
Australia,someone accepting a bribe in the course of their duties,-0.9033277560884923,-2.10390625,,,
Australia,homosexuality,0.4194933990272251,-2.246875,,,
Australia,prostitution,-0.07258419892980801,-2.38984375,,,
Australia,abortion,0.23607194334774706,-1.8798828125,,,
Australia,divorce,0.49739337981282583,-2.44140625,,,
Australia,sex before marriage,0.5299242424242424,-2.4470703125,,,
Australia,suicide,-0.3247911563344011,-2.759765625,,,
Australia,euthanasia,0.264172335600907,-1.85703125,,,
Australia,for a man to beat his wife,-0.9463687150837988,-2.36484375,,,
Australia,parents beating children,-0.8648799553322166,-2.7529296875,,,
Australia,violence against other people,-0.8676360924683073,-2.5806640625,,,
Australia,"terrorism as a political, ideological or religious mean",-0.9284516489659027,-2.45224609375,,,
Australia,having casual sex,0.12861189801699716,-2.1505859375,,,
Australia,political violence,-0.8419642300741571,-2.22109375,,,
Australia,death penalty,-0.23262915186639246,-3.1015625,,,
Bangladesh,claiming government benefits to which you are not entitled,-0.7724074074074073,-2.65595703125,,,
Bangladesh,avoiding a fare on public transport,-0.822037037037037,-1.8853515625,,,
Bangladesh,stealing property,-0.8768518518518518,-2.897265625,,,
Bangladesh,cheating on taxes,-0.8442592592592593,-3.0630859375,,,
Bangladesh,someone accepting a bribe in the course of their duties,-0.865,-2.169921875,,,
Bangladesh,homosexuality,-0.8472222222222223,-2.3978515625,,,
Bangladesh,prostitution,-0.8666666666666667,-2.5484375,,,
Bangladesh,abortion,-0.7729629629629629,-2.0634765625,,,
Bangladesh,divorce,-0.74,-2.422265625,,,
Bangladesh,sex before marriage,-0.8877777777777777,-2.463671875,,,
Bangladesh,suicide,-0.8,-2.819921875,,,
Bangladesh,euthanasia,-0.605,-1.941796875,,,
Bangladesh,for a man to beat his wife,-0.7966666666666666,-2.2962890625,,,
Bangladesh,parents beating children,-0.7431481481481481,-2.86171875,,,
Bangladesh,violence against other people,-0.8235185185185184,-2.7865234375,,,
Bangladesh,"terrorism as a political, ideological or religious mean",-0.8233333333333334,-2.48720703125,,,
Bangladesh,having casual sex,-0.8914814814814813,-2.2837890625,,,
Bangladesh,political violence,-0.8331481481481481,-2.4515625,,,
Bangladesh,death penalty,-0.6105555555555555,-2.94453125,,,
Bolivia,claiming government benefits to which you are not entitled,-0.11798968214345149,-2.8365234375,,,
Bolivia,avoiding a fare on public transport,-0.34174174174174177,-1.9091796875,,,
Bolivia,stealing property,-0.876937984496124,-2.8845703125,,,
Bolivia,cheating on taxes,-0.7693899782135076,-2.95625,,,
Bolivia,someone accepting a bribe in the course of their duties,-0.7676071741032371,-2.265625,,,
Bolivia,homosexuality,-0.48853427895981083,-2.276171875,,,
Bolivia,prostitution,-0.6001357773251866,-2.35,,,
Bolivia,abortion,-0.7176380702903296,-1.873828125,,,
Bolivia,divorce,-0.3368519434823245,-2.33828125,,,
Bolivia,sex before marriage,-0.3602865916069601,-2.32109375,,,
Bolivia,suicide,-0.7428934150245625,-2.591796875,,,
Bolivia,euthanasia,-0.5116232059834244,-2.1078125,,,
Bolivia,for a man to beat his wife,-0.8335495028102032,-2.621484375,,,
Bolivia,parents beating children,-0.6444877204370876,-2.71796875,,,
Bolivia,violence against other people,-0.7770167427701674,-2.71875,,,
Bolivia,"terrorism as a political, ideological or religious mean",-0.7948277834992563,-2.29443359375,,,
Bolivia,having casual sex,-0.6392156862745098,-2.2134765625,,,
Bolivia,political violence,-0.7647254023560643,-2.3796875,,,
Bolivia,death penalty,-0.411288534043025,-2.894921875,,,
Brazil,claiming government benefits to which you are not entitled,-0.6805311462604959,-2.92646484375,,,
Brazil,avoiding a fare on public transport,-0.4337971128094585,-1.970703125,,,
Brazil,stealing property,-0.8842030939084666,-3.027734375,,,
Brazil,cheating on taxes,-0.5564663023679417,-3.1140625,,,
Brazil,someone accepting a bribe in the course of their duties,-0.8722801596498005,-2.237890625,,,
Brazil,homosexuality,-0.12291574442968865,-2.284765625,,,
Brazil,prostitution,-0.5085097550850975,-2.3875,,,
Brazil,abortion,-0.6652752931822699,-2.03984375,,,
Brazil,divorce,0.16034676725564156,-2.468359375,,,
Brazil,sex before marriage,0.09229720518064073,-2.5267578125,,,
Brazil,suicide,-0.7657335715703791,-2.7875,,,
Brazil,euthanasia,-0.5117991056071552,-2.047265625,,,
Brazil,for a man to beat his wife,-0.9167946748591911,-2.407421875,,,
Brazil,parents beating children,-0.24799177430756375,-2.8921875,,,
Brazil,violence against other people,-0.8352820906012395,-2.628515625,,,
Brazil,"terrorism as a political, ideological or religious mean",-0.8863875724065298,-2.45087890625,,,
Brazil,having casual sex,-0.2257383966244726,-2.19296875,,,
Brazil,political violence,-0.8457267499504263,-2.29921875,,,
Brazil,death penalty,-0.3047107930828861,-2.923828125,,,
Canada,claiming government benefits to which you are not entitled,-0.703113765831536,-2.81416015625,,,
Canada,avoiding a fare on public transport,-0.48188706376859686,-1.984375,,,
Canada,stealing property,-0.7348597975775677,-2.92421875,,,
Canada,cheating on taxes,-0.6479177036668327,-2.9828125,,,
Canada,someone accepting a bribe in the course of their duties,-0.7240196891764836,-2.1248046875,,,
Canada,homosexuality,0.49980642663569497,-2.273046875,,,
Canada,prostitution,-0.11625463193407445,-2.4205078125,,,
Canada,abortion,0.2755378574193906,-1.877734375,,,
Canada,divorce,0.39206902273104366,-2.3,,,
Canada,sex before marriage,0.5191084563906864,-2.3583984375,,,
Canada,suicide,-0.29550356728057076,-2.752734375,,,
Canada,euthanasia,0.1626569326917759,-1.96015625,,,
Canada,for a man to beat his wife,-0.8598528842431282,-2.525,,,
Canada,parents beating children,-0.754604280736685,-2.926953125,,,
Canada,violence against other people,-0.6838670427520601,-2.565625,,,
Canada,"terrorism as a political, ideological or religious mean",-0.8121232232730491,-2.4359375,,,
Canada,having casual sex,0.2864332724959902,-2.1087890625,,,
Canada,political violence,-0.6578729052596648,,,,
Canada,death penalty,-0.14683922349427575,,,,
Chile,claiming government benefits to which you are not entitled,-0.21690921690921694,-2.72626953125,,,
Chile,avoiding a fare on public transport,-0.5171862509992007,-2.037890625,,,
Chile,stealing property,-0.7746320638130547,-2.9943359375,,,
Chile,cheating on taxes,-0.6836999435984208,-3.0169921875,,,
Chile,someone accepting a bribe in the course of their duties,-0.7149316152368035,-2.1921875,,,
Chile,homosexuality,-0.04060974157437181,-2.235546875,,,
Chile,prostitution,-0.43067426400759734,-2.328125,,,
Chile,abortion,-0.36237897648686035,-1.988671875,,,
Chile,divorce,0.1955828779599271,-2.35546875,,,
Chile,sex before marriage,0.22140091517071456,-2.3869140625,,,
Chile,suicide,-0.5211169284467714,-2.6455078125,,,
Chile,euthanasia,-0.2914447994320199,-1.937109375,,,
Chile,for a man to beat his wife,-0.8116187253243091,-2.4396484375,,,
Chile,parents beating children,-0.7737332883945625,-2.8005859375,,,
Chile,violence against other people,-0.7685653297382317,-2.48828125,,,
Chile,"terrorism as a political, ideological or religious mean",-0.7658084914182475,-2.4123046875,,,
Chile,having casual sex,-0.21577060931899644,-2.087109375,,,
Chile,political violence,-0.6974236749517649,-2.1498046875,,,
Chile,death penalty,-0.27726284471907536,-2.95078125,,,
China,claiming government benefits to which you are not entitled,-0.48963844797178124,-2.6599609375,,,
China,avoiding a fare on public transport,-0.8634679578885587,-1.8611328125,,,
China,stealing property,-0.9360258244378415,-2.876953125,,,
China,cheating on taxes,-0.8891461756165692,-2.887890625,,,
China,someone accepting a bribe in the course of their duties,-0.8665930831493746,-2.088671875,,,
China,homosexuality,-0.707107438016529,-2.31328125,,,
China,prostitution,-0.8941763971506206,-2.51328125,,,
China,abortion,-0.6806153619668028,-1.9849609375,,,
China,divorce,-0.38881530537159675,-2.46015625,,,
China,sex before marriage,-0.39848903629998156,-2.4751953125,,,
China,suicide,-0.7906463710566952,-2.758984375,,,
China,euthanasia,-0.33281790737059125,-2.08671875,,,
China,for a man to beat his wife,-0.8769434336751571,-2.344140625,,,
China,parents beating children,-0.480083857442348,-2.775390625,,,
China,violence against other people,-0.8590337524818001,-2.623046875,,,
China,"terrorism as a political, ideological or religious mean",-0.9278145695364238,-2.599609375,,,
China,having casual sex,-0.8863887050518422,-2.1046875,,,
China,political violence,-0.887893864013267,,,,
China,death penalty,0.004006321902451574,,,,
Colombia,claiming government benefits to which you are not entitled,-0.38274853801169595,-2.9544921875,,,
Colombia,avoiding a fare on public transport,-0.40804093567251465,-2.0033203125,,,
Colombia,stealing property,-0.8697368421052631,-3.2556640625,,,
Colombia,cheating on taxes,-0.7660818713450291,-3.1603515625,,,
Colombia,someone accepting a bribe in the course of their duties,-0.8065789473684211,-2.3169921875,,,
Colombia,homosexuality,-0.3195906432748538,-2.44609375,,,
Colombia,prostitution,-0.5347953216374269,-2.585546875,,,
Colombia,abortion,-0.6992690058479533,-2.09921875,,,
Colombia,divorce,-0.17660818713450294,-2.43359375,,,
Colombia,sex before marriage,-0.1,-2.3587890625,,,
Colombia,suicide,-0.7504385964912281,-2.845703125,,,
Colombia,euthanasia,-0.37573099415204675,-1.962890625,,,
Colombia,for a man to beat his wife,-0.8771929824561403,-2.5603515625,,,
Colombia,parents beating children,-0.423391812865497,-2.9744140625,,,
Colombia,violence against other people,-0.8258771929824562,-2.8599609375,,,
Colombia,"terrorism as a political, ideological or religious mean",-0.8345029239766081,-2.4712890625,,,
Colombia,having casual sex,-0.4067251461988304,-2.26484375,,,
Colombia,political violence,-0.8049707602339182,-2.54296875,,,
Colombia,death penalty,-0.3416666666666667,-3.0001953125,,,
Cyprus,claiming government benefits to which you are not entitled,-0.7470328925059342,-2.74443359375,,,
Cyprus,avoiding a fare on public transport,-0.5822041553748871,-1.82861328125,,,
Cyprus,stealing property,-0.898989898989899,-2.7806640625,,,
Cyprus,cheating on taxes,-0.8644713261648745,-2.9171875,,,
Cyprus,someone accepting a bribe in the course of their duties,-0.8801346801346802,-2.2751953125,,,
Cyprus,homosexuality,-0.3944444444444445,-2.1498046875,,,
Cyprus,prostitution,-0.724709784411277,-2.37421875,,,
Cyprus,abortion,-0.551994301994302,-1.7349609375,,,
Cyprus,divorce,-0.06657436252451829,-2.190625,,,
Cyprus,sex before marriage,-0.09383249340052799,-2.4314453125,,,
Cyprus,suicide,-0.8317426652527394,-2.559375,,,
Cyprus,euthanasia,-0.6173104434907011,-1.8109375,,,
Cyprus,for a man to beat his wife,-0.9285473542298618,-2.495703125,,,
Cyprus,parents beating children,-0.8945005611672279,-2.651953125,,,
Cyprus,violence against other people,-0.9056561591772859,-2.6427734375,,,
Cyprus,"terrorism as a political, ideological or religious mean",-0.943992773261066,-2.40244140625,,,
Cyprus,having casual sex,-0.5917642882499113,-2.2462890625,,,
Cyprus,political violence,-0.9269776876267748,-2.33203125,,,
Cyprus,death penalty,-0.6278858182645285,-2.862890625,,,
Ecuador,claiming government benefits to which you are not entitled,-0.23551031947978515,-2.73857421875,,,
Ecuador,avoiding a fare on public transport,-0.33928903778150005,-1.8455078125,,,
Ecuador,stealing property,-0.7960171226502885,-2.9794921875,,,
Ecuador,cheating on taxes,-0.7032668726013293,-3.0814453125,,,
Ecuador,someone accepting a bribe in the course of their duties,-0.7101937657961247,-2.1322265625,,,
Ecuador,homosexuality,-0.39897673520610094,-2.2728515625,,,
Ecuador,prostitution,-0.451775683138151,-2.3779296875,,,
Ecuador,abortion,-0.6555274735561172,-1.8458984375,,,
Ecuador,divorce,-0.2515705578996718,-2.3703125,,,
Ecuador,sex before marriage,-0.33447001989201475,-2.2662109375,,,
Ecuador,suicide,-0.6826471141191953,-2.64296875,,,
Ecuador,euthanasia,-0.47593805217752827,-1.9193359375,,,
Ecuador,for a man to beat his wife,-0.806577480490524,-2.4150390625,,,
Ecuador,parents beating children,-0.4899116689911669,-2.7916015625,,,
Ecuador,violence against other people,-0.7385402138540214,-2.6255859375,,,
Ecuador,"terrorism as a political, ideological or religious mean",-0.7601500234411627,-2.33837890625,,,
Ecuador,having casual sex,-0.5423167848699764,-2.140234375,,,
Ecuador,political violence,-0.6855275443510737,-2.44765625,,,
Ecuador,death penalty,-0.4098514758413236,-2.9111328125,,,
Egypt,claiming government benefits to which you are not entitled,-0.8246330319821132,-2.685546875,,,
Egypt,avoiding a fare on public transport,-0.8683127572016461,-1.798828125,,,
Egypt,stealing property,-0.9853091585309157,-2.8716796875,,,
Egypt,cheating on taxes,-0.8805885681946802,-2.9435546875,,,
Egypt,someone accepting a bribe in the course of their duties,-0.9605103846512061,-2.1998046875,,,
Egypt,abortion,-0.764088138771683,-1.8890625,,,
Egypt,divorce,-0.114469633361321,-2.3169921875,,,
Egypt,suicide,-0.9743375174337519,-2.57109375,,,
Egypt,euthanasia,-0.8726642049904889,-2.034375,,,
Egypt,for a man to beat his wife,-0.6553783002145722,-2.3505859375,,,
Egypt,parents beating children,-0.36122733612273356,-2.6255859375,,,
Egypt,violence against other people,-0.8870246085011187,-2.5416015625,,,
Egypt,"terrorism as a political, ideological or religious mean",-0.9790688575899843,-2.39833984375,,,
Egypt,political violence,-0.9744292237442922,-2.221875,,,
Egypt,death penalty,0.25301204819277107,-2.9798828125,,,
Ethiopia,claiming government benefits to which you are not entitled,-0.8603174603174604,-2.568359375,,,
Ethiopia,avoiding a fare on public transport,-0.7734204793028322,-1.8328125,,,
Ethiopia,stealing property,-0.8950416214259862,-2.8541015625,,,
Ethiopia,cheating on taxes,-0.8785550983081847,-2.8576171875,,,
Ethiopia,someone accepting a bribe in the course of their duties,-0.891430646332607,-2.101953125,,,
Ethiopia,homosexuality,-0.8576092680358084,-2.1251953125,,,
Ethiopia,prostitution,-0.8443898443898444,-2.5328125,,,
Ethiopia,abortion,-0.8496145124716554,-1.8970703125,,,
Ethiopia,divorce,-0.6464728787467173,-2.212890625,,,
Ethiopia,sex before marriage,-0.7975027144408251,-2.3720703125,,,
Ethiopia,suicide,-0.8962238522140722,-2.621484375,,,
Ethiopia,euthanasia,-0.8415553738530026,-1.869140625,,,
Ethiopia,for a man to beat his wife,-0.8408041293126868,-2.4349609375,,,
Ethiopia,parents beating children,-0.5713121434392828,-2.6287109375,,,
Ethiopia,violence against other people,-0.8887079261672097,-2.697265625,,,
Ethiopia,"terrorism as a political, ideological or religious mean",-0.8882550031694286,-2.367578125,,,
Ethiopia,having casual sex,-0.8840028954035469,-2.061328125,,,
Ethiopia,political violence,-0.8707334785766159,,,,
Ethiopia,death penalty,-0.7486190346826044,-2.73828125,,,
Germany,claiming government benefits to which you are not entitled,-0.880386983289358,-2.7796875,,,
Germany,avoiding a fare on public transport,-0.8156648451730419,-1.8568359375,,,
Germany,stealing property,-0.9639325189063409,-2.9447265625,,,
Germany,cheating on taxes,-0.8850877192982457,-2.920703125,,,
Germany,someone accepting a bribe in the course of their duties,-0.9276757072032663,-2.1490234375,,,
Germany,homosexuality,0.5235531628532974,-2.073828125,,,
Germany,prostitution,-0.1178360606739894,-2.3884765625,,,
Germany,abortion,-0.008708708708708709,-1.83828125,,,
Germany,divorce,0.42174909440378505,-2.42109375,,,
Germany,sex before marriage,0.6717037037037037,-2.43125,,,
Germany,suicide,-0.2951412951412951,-2.564453125,,,
Germany,euthanasia,0.3619686800894854,-1.789453125,,,
Germany,for a man to beat his wife,-0.9762788328603653,-2.357421875,,,
Germany,parents beating children,-0.8869908015768725,-2.76640625,,,
Germany,violence against other people,-0.928503684248924,-2.448828125,,,
Germany,"terrorism as a political, ideological or religious mean",-0.9753734061930782,-2.43125,,,
Germany,having casual sex,-0.20568018732532667,-2.091015625,,,
Germany,political violence,-0.9418511213383007,,,,
Germany,death penalty,-0.6609347442680776,,,,
Greece,claiming government benefits to which you are not entitled,-0.8696097606407748,-2.52294921875,,,
Greece,avoiding a fare on public transport,-0.6914508493455862,-1.8396484375,,,
Greece,stealing property,-0.9709902370990239,-2.815234375,,,
Greece,cheating on taxes,-0.8491198658843252,-2.81328125,,,
Greece,someone accepting a bribe in the course of their duties,-0.9161073825503355,-2.097265625,,,
Greece,homosexuality,-0.1633535004321521,-2.1681640625,,,
Greece,prostitution,-0.33750118404849866,-2.3431640625,,,
Greece,abortion,-0.2055414192818773,-1.910546875,,,
Greece,divorce,0.30359147025813693,-2.28203125,,,
Greece,sex before marriage,0.42597328786587096,-2.5234375,,,
Greece,suicide,-0.8033314404694303,-2.6005859375,,,
Greece,euthanasia,-0.5317672712855585,-1.9796875,,,
Greece,for a man to beat his wife,-0.9706674092639005,-2.5078125,,,
Greece,parents beating children,-0.9508439992580227,-2.73515625,,,
Greece,violence against other people,-0.9575656058068119,-2.515234375,,,
Greece,"terrorism as a political, ideological or religious mean",-0.9682806231924619,-2.421484375,,,
Greece,having casual sex,-0.034005872880553185,-2.18359375,,,
Greece,political violence,-0.899623352165725,-2.28515625,,,
Greece,death penalty,-0.6814555360965168,-2.771484375,,,
Guatemala,claiming government benefits to which you are not entitled,-0.3016924208977189,-2.9064453125,,,
Guatemala,avoiding a fare on public transport,-0.400405380504883,-2.003515625,,,
Guatemala,stealing property,-0.7254901960784315,-3.1509765625,,,
Guatemala,cheating on taxes,-0.6922648859209793,-3.115625,,,
Guatemala,someone accepting a bribe in the course of their duties,-0.7091883897208355,-2.330078125,,,
Guatemala,homosexuality,-0.3932687874596589,-2.46171875,,,
Guatemala,prostitution,-0.4673721340388006,-2.4865234375,,,
Guatemala,abortion,-0.5645919778699862,-1.984375,,,
Guatemala,divorce,-0.11019207793401342,-2.2890625,,,
Guatemala,sex before marriage,-0.3325956662056247,-2.5474609375,,,
Guatemala,suicide,-0.6436686062621224,-2.6474609375,,,
Guatemala,euthanasia,-0.393939393939394,-2.3673828125,,,
Guatemala,for a man to beat his wife,-0.8044739022369511,-2.71640625,,,
Guatemala,parents beating children,-0.31888888888888883,-2.9404296875,,,
Guatemala,violence against other people,-0.7308970099667774,-2.751953125,,,
Guatemala,"terrorism as a political, ideological or religious mean",-0.75787728026534,-2.560546875,,,
Guatemala,having casual sex,-0.441411634960022,-2.1697265625,,,
Guatemala,political violence,-0.7622351743917105,-2.50078125,,,
Guatemala,death penalty,-0.09047355813524967,-3.1234375,,,
Indonesia,claiming government benefits to which you are not entitled,-0.49328027367612665,-2.891796875,,,
Indonesia,avoiding a fare on public transport,-0.6138079827400217,-1.9892578125,,,
Indonesia,stealing property,-0.8764427756918369,-3.11484375,,,
Indonesia,cheating on taxes,-0.6663534815742772,-2.976171875,,,
Indonesia,someone accepting a bribe in the course of their duties,-0.793038570084666,-2.03515625,,,
Indonesia,homosexuality,-0.8643949688164174,-2.519921875,,,
Indonesia,prostitution,-0.8741599637870399,-2.54921875,,,
Indonesia,abortion,-0.8719420955562516,-2.186328125,,,
Indonesia,divorce,-0.6242804814233386,-2.44609375,,,
Indonesia,sex before marriage,-0.8572521207064386,-2.43828125,,,
Indonesia,suicide,-0.8923317683881065,-2.889453125,,,
Indonesia,euthanasia,-0.7354099160308003,-1.853125,,,
Indonesia,for a man to beat his wife,-0.8514114865804479,-2.43203125,,,
Indonesia,parents beating children,-0.6807511737089202,-2.849609375,,,
Indonesia,violence against other people,-0.8081029386193707,-2.6921875,,,
Indonesia,"terrorism as a political, ideological or religious mean",-0.8387785831845082,-2.5232421875,,,
Indonesia,having casual sex,-0.8844305120167189,-2.05625,,,
Indonesia,political violence,-0.8260991712319145,-2.414453125,,,
Indonesia,death penalty,-0.4706419440932716,,,,
Iran,claiming government benefits to which you are not entitled,-0.42258528099236065,-2.616015625,,,
Iran,avoiding a fare on public transport,-0.6190902311707681,-1.9826171875,,,
Iran,stealing property,-0.8978015448603686,-2.8908203125,,,
Iran,cheating on taxes,-0.7039026938288188,-2.916796875,,,
Iran,someone accepting a bribe in the course of their duties,-0.8896306186025811,-2.0775390625,,,
Iran,homosexuality,-0.8662192393736017,-2.2919921875,,,
Iran,abortion,-0.6156477762903466,-1.983203125,,,
Iran,divorce,-0.4104855525767054,-2.27890625,,,
Iran,sex before marriage,-0.723410576351753,-2.3984375,,,
Iran,suicide,-0.8920041536863966,,,,
Iran,euthanasia,-0.5389830508474577,-2.1689453125,,,
Iran,for a man to beat his wife,-0.8895560002964941,-2.7482421875,,,
Iran,parents beating children,-0.7320872274143303,-2.703125,,,
Iran,violence against other people,-0.8205299487864618,-2.7287109375,,,
Iran,"terrorism as a political, ideological or religious mean",-0.8562091503267975,-2.48046875,,,
Iran,political violence,-0.7835497835497837,,,,
Iran,death penalty,0.3026355196166517,,,,
Iraq,claiming government benefits to which you are not entitled,-0.43,-2.8330078125,,,
Iraq,avoiding a fare on public transport,-0.5585185185185185,-2.09248046875,,,
Iraq,stealing property,-0.6853703703703704,-3.0015625,,,
Iraq,cheating on taxes,-0.6144444444444443,-2.9830078125,,,
Iraq,someone accepting a bribe in the course of their duties,-0.6338888888888888,-2.2263671875,,,
Iraq,homosexuality,-0.7120425815036593,-2.364453125,,,
Iraq,abortion,-0.6040740740740741,-2.2650390625,,,
Iraq,divorce,-0.38407407407407407,-2.3875,,,
Iraq,suicide,-0.7155555555555556,-2.812890625,,,
Iraq,euthanasia,-0.6894444444444445,-2.077734375,,,
Iraq,for a man to beat his wife,-0.6409259259259259,-2.67578125,,,
Iraq,parents beating children,-0.47981481481481486,-2.8919921875,,,
Iraq,violence against other people,-0.6685185185185185,-2.85859375,,,
Iraq,"terrorism as a political, ideological or religious mean",-0.675,-2.44296875,,,
Iraq,political violence,-0.632962962962963,,,,
Iraq,death penalty,-0.1198148148148148,,,,
Japan,claiming government benefits to which you are not entitled,-0.8304183813443072,-2.77216796875,,,
Japan,avoiding a fare on public transport,-0.9280455153949129,-1.9189453125,,,
Japan,stealing property,-0.9762740183792816,-2.889453125,,,
Japan,cheating on taxes,-0.9428141459744168,-2.9279296875,,,
Japan,someone accepting a bribe in the course of their duties,-0.9139622641509434,-1.9671875,,,
Japan,homosexuality,0.2689290275497172,-2.257421875,,,
Japan,prostitution,-0.7829020411649158,-2.3279296875,,,
Japan,abortion,-0.13991769547325103,-1.9353515625,,,
Japan,divorce,0.2895273565664628,-2.37890625,,,
Japan,sex before marriage,0.3051343442404895,-2.4046875,,,
Japan,suicide,-0.6203407880724175,-2.815625,,,
Japan,euthanasia,0.15189077517290933,-1.88984375,,,
Japan,for a man to beat his wife,-0.9408076247805367,-2.405078125,,,
Japan,parents beating children,-0.9331159602039965,-2.7953125,,,
Japan,violence against other people,-0.9318429205392281,-2.607421875,,,
Japan,"terrorism as a political, ideological or religious mean",-0.9538592027141646,-2.5580078125,,,
Japan,having casual sex,-0.6296296296296297,-2.057421875,,,
Japan,political violence,-0.9140671994500301,,,,
Japan,death penalty,0.289254686785551,-3.089453125,,,
Jordan,claiming government benefits to which you are not entitled,-0.5566854990583804,-2.7974609375,,,
Jordan,stealing property,-0.9164814814814816,-2.98203125,,,
Jordan,cheating on taxes,-0.7543075346931173,-3.0353515625,,,
Jordan,someone accepting a bribe in the course of their duties,-0.9015025041736227,-2.0369140625,,,
Jordan,homosexuality,-0.9397489539748954,-2.157421875,,,
Jordan,abortion,-0.7969156447417317,-1.8951171875,,,
Jordan,divorce,-0.375847024969832,-2.33359375,,,
Jordan,sex before marriage,-0.9436069235064211,-2.3853515625,,,
Jordan,suicide,-0.9477777777777779,-2.5779296875,,,
Jordan,euthanasia,-0.8888888888888887,-2.0927734375,,,
Jordan,for a man to beat his wife,-0.8682579332038117,-2.468359375,,,
Jordan,parents beating children,-0.6559079948061585,-2.70234375,,,
Jordan,violence against other people,-0.9089647515958922,-2.7234375,,,
Jordan,"terrorism as a political, ideological or religious mean",-0.9384986993682645,-2.584375,,,
Jordan,political violence,-0.9324965132496514,,,,
Jordan,death penalty,-0.036477283328668716,-3.0888671875,,,
Kazakhstan,claiming government benefits to which you are not entitled,-0.46600055509297816,-2.59375,,,
Kazakhstan,avoiding a fare on public transport,-0.27089518668466034,-1.8037109375,,,
Kazakhstan,stealing property,-0.7350981451467675,-2.7671875,,,
Kazakhstan,cheating on taxes,-0.5674734140080675,-2.9291015625,,,
Kazakhstan,someone accepting a bribe in the course of their duties,-0.7233523189585028,-2.11640625,,,
Kazakhstan,homosexuality,-0.7287382952022396,-2.0216796875,,,
Kazakhstan,prostitution,-0.6713886479714753,-2.349609375,,,
Kazakhstan,abortion,-0.44277728743748157,-1.6220703125,,,
Kazakhstan,divorce,-0.17516110134739307,-2.19765625,,,
Kazakhstan,sex before marriage,-0.2135989691743483,-2.1736328125,,,
Kazakhstan,suicide,-0.7163536776212833,,,,
Kazakhstan,euthanasia,-0.38638914396490154,-1.913671875,,,
Kazakhstan,for a man to beat his wife,-0.6931306306306306,-2.1119140625,,,
Kazakhstan,parents beating children,-0.6947902259105578,-2.6123046875,,,
Kazakhstan,violence against other people,-0.7674418604651163,-2.625390625,,,
Kazakhstan,"terrorism as a political, ideological or religious mean",-0.8158572479764532,-2.3462890625,,,
Kazakhstan,having casual sex,-0.5419069588619762,-2.0529296875,,,
Kazakhstan,political violence,-0.7744220730797912,,,,
Kazakhstan,death penalty,-0.4479287650019357,,,,
Kenya,claiming government benefits to which you are not entitled,-0.4852571017619562,-2.6810546875,,,
Kenya,avoiding a fare on public transport,-0.4259561355809317,-1.944140625,,,
Kenya,stealing property,-0.5738775510204082,-2.9798828125,,,
Kenya,cheating on taxes,-0.4344254896651323,-2.9837890625,,,
Kenya,someone accepting a bribe in the course of their duties,-0.5131673881673882,-2.10078125,,,
Kenya,homosexuality,-0.5540923639689072,-2.257421875,,,
Kenya,prostitution,-0.5411421273490239,-2.409765625,,,
Kenya,abortion,-0.4094045025417575,-1.9052734375,,,
Kenya,divorce,-0.1695425910709395,-2.417578125,,,
Kenya,sex before marriage,-0.3075736961451247,-2.4064453125,,,
Kenya,suicide,-0.5577539617110929,-2.80625,,,
Kenya,euthanasia,-0.3192421212986766,-2.000390625,,,
Kenya,for a man to beat his wife,-0.47435200290012686,-2.431640625,,,
Kenya,parents beating children,-0.1771820561422511,-2.8208984375,,,
Kenya,violence against other people,-0.5537325676784249,-2.7734375,,,
Kenya,"terrorism as a political, ideological or religious mean",-0.5822222222222222,-2.36845703125,,,
Kenya,having casual sex,-0.4385583627637417,-2.0740234375,,,
Kenya,political violence,-0.559189606613973,-2.45546875,,,
Kenya,death penalty,-0.41077998528329657,-2.862109375,,,
Kyrgyzstan,claiming government benefits to which you are not entitled,-0.541371158392435,-2.5525390625,,,
Kyrgyzstan,avoiding a fare on public transport,-0.6147762345679012,-1.803125,,,
Kyrgyzstan,stealing property,-0.8427116062077502,-2.7765625,,,
Kyrgyzstan,cheating on taxes,-0.7327224131347843,-2.8578125,,,
Kyrgyzstan,someone accepting a bribe in the course of their duties,-0.8343815513626834,-2.1166015625,,,
Kyrgyzstan,homosexuality,-0.8928012519561815,-2.10703125,,,
Kyrgyzstan,prostitution,-0.8909231812457619,-2.1994140625,,,
Kyrgyzstan,abortion,-0.8210628019323671,-1.6802734375,,,
Kyrgyzstan,divorce,-0.7207829591249281,-1.999609375,,,
Kyrgyzstan,sex before marriage,-0.7773892773892773,-2.2181640625,,,
Kyrgyzstan,suicide,-0.9068783068783068,,,,
Kyrgyzstan,euthanasia,-0.7848386780425616,-1.896484375,,,
Kyrgyzstan,for a man to beat his wife,-0.8055316298210355,-2.3958984375,,,
Kyrgyzstan,parents beating children,-0.7332569026464125,-2.70546875,,,
Kyrgyzstan,violence against other people,-0.8662072925638816,-2.5421875,,,
Kyrgyzstan,"terrorism as a political, ideological or religious mean",-0.8929539295392955,-2.3576171875,,,
Kyrgyzstan,having casual sex,-0.8527583527583528,-2.0603515625,,,
Kyrgyzstan,political violence,-0.8815202637192167,,,,
Kyrgyzstan,death penalty,-0.7450865927223196,,,,
Lebanon,claiming government benefits to which you are not entitled,-0.466439135381115,-2.67373046875,,,
Lebanon,stealing property,-0.784143030983806,-2.94453125,,,
Lebanon,cheating on taxes,-0.6530214424951267,-3.0017578125,,,
Lebanon,someone accepting a bribe in the course of their duties,-0.6346296296296295,-2.29228515625,,,
Lebanon,homosexuality,-0.7024608501118568,-2.126171875,,,
Lebanon,abortion,-0.6974074074074075,-1.9814453125,,,
Lebanon,divorce,-0.3456169737576773,-2.181640625,,,
Lebanon,sex before marriage,-0.7149232914923291,-2.2400390625,,,
Lebanon,suicide,-0.7575925925925926,-2.5564453125,,,
Lebanon,euthanasia,-0.6984801283866704,-2.1025390625,,,
Lebanon,for a man to beat his wife,-0.7675585284280937,-2.54296875,,,
Lebanon,parents beating children,-0.658642499763995,-2.7328125,,,
Lebanon,violence against other people,-0.7746296296296296,-2.775390625,,,
Lebanon,"terrorism as a political, ideological or religious mean",-0.8168293816829382,-2.4955078125,,,
Lebanon,having casual sex,-0.7372222222222223,-2.1255859375,,,
Lebanon,political violence,-0.785024154589372,-2.3951171875,,,
Lebanon,death penalty,-0.3698289863380147,-2.87890625,,,
Libya,claiming government benefits to which you are not entitled,-0.6391792489353465,-2.798974609375,,,
Libya,avoiding a fare on public transport,-0.8653081028626881,-2.0326171875,,,
Libya,stealing property,-0.9648021308980211,-2.986328125,,,
Libya,cheating on taxes,-0.8903269101716037,-3.0177734375,,,
Libya,someone accepting a bribe in the course of their duties,-0.9456918057954328,-2.3978515625,,,
Libya,homosexuality,-0.9739614390777179,-2.4833984375,,,
Libya,prostitution,-0.9703436529405871,-2.5720703125,,,
Libya,abortion,-0.8707321886717979,-2.1544921875,,,
Libya,divorce,-0.40387071421554177,-2.437109375,,,
Libya,sex before marriage,-0.9741784037558684,-2.715234375,,,
Libya,suicide,-0.9664422983123598,-2.687890625,,,
Libya,euthanasia,-0.9534654441486741,-2.2712890625,,,
Libya,for a man to beat his wife,-0.8444638864586371,-2.712890625,,,
Libya,parents beating children,-0.5446680276076601,-2.893359375,,,
Libya,violence against other people,-0.9318933644677952,-2.7232421875,,,
Libya,"terrorism as a political, ideological or religious mean",-0.9722713864306783,-2.48525390625,,,
Libya,having casual sex,-0.9856440511307768,-2.4748046875,,,
Libya,political violence,-0.9570146899339447,,,,
Libya,death penalty,-0.21288014311270126,-3.088671875,,,
Malaysia,claiming government benefits to which you are not entitled,-0.24549378014724552,-2.84248046875,,,
Malaysia,avoiding a fare on public transport,-0.33790302107133785,-1.8728515625,,,
Malaysia,stealing property,-0.5333841076415333,-2.94375,,,
Malaysia,cheating on taxes,-0.4646695438774647,-3.1509765625,,,
Malaysia,someone accepting a bribe in the course of their duties,-0.5367690615215367,-2.1615234375,,,
Malaysia,homosexuality,-0.4235423542354235,-2.130859375,,,
Malaysia,prostitution,-0.46940847930946933,-2.4115234375,,,
Malaysia,abortion,-0.43894389438943887,-2.0123046875,,,
Malaysia,divorce,-0.1904882795971905,-2.45390625,,,
Malaysia,sex before marriage,-0.37310654142337313,-2.580078125,,,
Malaysia,suicide,-0.5222137598375223,-2.6861328125,,,
Malaysia,euthanasia,-0.3436574426673436,-1.9125,,,
Malaysia,for a man to beat his wife,-0.5255987137175255,-2.475390625,,,
Malaysia,parents beating children,-0.22975374460522974,-2.836328125,,,
Malaysia,violence against other people,-0.49411864263349414,-2.6748046875,,,
Malaysia,"terrorism as a political, ideological or religious mean",-0.5323686214775324,-2.56533203125,,,
Malaysia,having casual sex,-0.4235423542354235,-2.21953125,,,
Malaysia,political violence,-0.5225522552255225,,,,
Malaysia,death penalty,-0.20555132436320558,-3.212109375,,,
Maldives,claiming government benefits to which you are not entitled,-0.8097074895531984,-2.7291015625,,,
Maldives,avoiding a fare on public transport,-0.6836701957009946,-1.8623046875,,,
Maldives,stealing property,-0.9344508918977004,-2.8779296875,,,
Maldives,cheating on taxes,-0.9124839124839125,-2.9197265625,,,
Maldives,someone accepting a bribe in the course of their duties,-0.9358357394931024,-2.151171875,,,
Maldives,homosexuality,-0.9419824448726183,-2.0486328125,,,
Maldives,prostitution,-0.9496410586092361,-2.193359375,,,
Maldives,abortion,-0.659916425586628,-1.6544921875,,,
Maldives,divorce,0.04976404976404976,-2.065234375,,,
Maldives,sex before marriage,-0.8560703560703561,-2.113671875,,,
Maldives,suicide,-0.9084589883434927,-2.5107421875,,,
Maldives,euthanasia,-0.776702161987738,-1.8712890625,,,
Maldives,for a man to beat his wife,-0.963784420872174,-2.4177734375,,,
Maldives,parents beating children,-0.916720188396489,-2.718359375,,,
Maldives,violence against other people,-0.9466409514625523,-2.746875,,,
Maldives,"terrorism as a political, ideological or religious mean",-0.951998285653059,-2.416796875,,,
Maldives,having casual sex,-0.9272104474416614,-2.1078125,,,
Maldives,political violence,-0.9521202361782071,-2.371875,,,
Maldives,death penalty,0.3744776599164256,-2.7212890625,,,
Mexico,claiming government benefits to which you are not entitled,-0.1784629306444315,-2.995361328125,,,
Mexico,avoiding a fare on public transport,-0.2664471560462264,-2.146484375,,,
Mexico,stealing property,-0.7034045008655511,-3.098046875,,,
Mexico,cheating on taxes,-0.5600722673893405,-3.0837890625,,,
Mexico,someone accepting a bribe in the course of their duties,-0.6338956757804924,-2.35126953125,,,
Mexico,homosexuality,-0.25807512663640547,-2.446484375,,,
Mexico,prostitution,-0.4177413051973427,-2.5044921875,,,
Mexico,abortion,-0.4997403946002077,-2.1412109375,,,
Mexico,divorce,-0.10208816705336425,-2.5384765625,,,
Mexico,sex before marriage,-0.16539738332356962,-2.6935546875,,,
Mexico,suicide,-0.6069371643046659,-2.7646484375,,,
Mexico,euthanasia,-0.38491829100216574,-2.1173828125,,,
Mexico,for a man to beat his wife,-0.7338471419396275,-2.82109375,,,
Mexico,parents beating children,-0.5366183574879227,-2.88203125,,,
Mexico,violence against other people,-0.6908492938672857,-2.73671875,,,
Mexico,"terrorism as a political, ideological or religious mean",-0.7033997655334114,-2.46689453125,,,
Mexico,having casual sex,-0.48423955870764385,-2.1220703125,,,
Mexico,political violence,-0.668483904465213,-2.432421875,,,
Mexico,death penalty,-0.41381100726895115,-3.033984375,,,
Mongolia,claiming government benefits to which you are not entitled,-0.37043832823649336,-2.65546875,,,
Mongolia,avoiding a fare on public transport,-0.34120200786867455,-1.75556640625,,,
Mongolia,stealing property,-0.4909781576448243,-2.7818359375,,,
Mongolia,cheating on taxes,-0.42382309048975714,-3.0486328125,,,
Mongolia,someone accepting a bribe in the course of their duties,-0.46045312711979375,-2.212890625,,,
Mongolia,homosexuality,-0.3612806946140279,-2.21328125,,,
Mongolia,prostitution,-0.46886446886446886,-2.3166015625,,,
Mongolia,abortion,-0.2935829602496269,-1.8650390625,,,
Mongolia,divorce,-0.2201872201872202,-2.285546875,,,
Mongolia,sex before marriage,-0.214353547686881,-2.2634765625,,,
Mongolia,suicide,-0.4947768281101614,-2.5251953125,,,
Mongolia,euthanasia,-0.3494776828110161,-1.9919921875,,,
Mongolia,for a man to beat his wife,-0.4805318138651472,-2.516796875,,,
Mongolia,parents beating children,-0.4078144078144078,-2.7744140625,,,
Mongolia,violence against other people,-0.5132275132275131,-2.7423828125,,,
Mongolia,"terrorism as a political, ideological or religious mean",-0.5149911816578483,-2.42861328125,,,
Mongolia,having casual sex,-0.3705060371727038,-2.14609375,,,
Mongolia,political violence,-0.48948582281915604,,,,
Mongolia,death penalty,-0.0717677384344051,-2.85234375,,,
Morocco,claiming government benefits to which you are not entitled,-0.405,-2.780029296875,,,
Morocco,avoiding a fare on public transport,-0.5266666666666666,-1.95029296875,,,
Morocco,stealing property,-0.6631481481481482,-2.9431640625,,,
Morocco,cheating on taxes,-0.5931481481481482,-2.9888671875,,,
Morocco,someone accepting a bribe in the course of their duties,-0.6031481481481481,-2.2810546875,,,
Morocco,homosexuality,-0.6066666666666667,-2.20625,,,
Morocco,prostitution,-0.6040740740740741,-2.36640625,,,
Morocco,abortion,-0.41777777777777775,-1.88359375,,,
Morocco,divorce,0.04685185185185185,-2.3208984375,,,
Morocco,sex before marriage,-0.5238888888888888,-2.541796875,,,
Morocco,suicide,-0.5687037037037036,-2.5751953125,,,
Morocco,euthanasia,-0.5125925925925926,-1.99765625,,,
Morocco,for a man to beat his wife,-0.495,-2.4740234375,,,
Morocco,parents beating children,-0.17703703703703702,-2.7703125,,,
Morocco,violence against other people,-0.5951851851851852,-2.721875,,,
Morocco,"terrorism as a political, ideological or religious mean",-0.700925925925926,-2.46171875,,,
Morocco,having casual sex,-0.6142592592592593,-2.2392578125,,,
Morocco,political violence,-0.6579629629629629,-2.3923828125,,,
Morocco,death penalty,-0.2659259259259259,-3.02734375,,,
Myanmar,claiming government benefits to which you are not entitled,-0.4100639421740339,-2.7857421875,,,
Myanmar,avoiding a fare on public transport,-0.5197252390234847,-2.011328125,,,
Myanmar,stealing property,-0.8913909739597814,-2.987890625,,,
Myanmar,cheating on taxes,-0.8618518518518518,-3.06796875,,,
Myanmar,someone accepting a bribe in the course of their duties,-0.8396296296296296,-2.370703125,,,
Myanmar,homosexuality,-0.8396812158280048,-2.2919921875,,,
Myanmar,prostitution,-0.8113242516912241,-2.559765625,,,
Myanmar,abortion,-0.9088128996385876,-2.0619140625,,,
Myanmar,divorce,-0.6781673158968651,-2.409375,,,
Myanmar,sex before marriage,-0.8601372658133926,-2.665234375,,,
Myanmar,suicide,-0.9201186173663237,-2.89375,,,
Myanmar,euthanasia,-0.7896494156928213,-2.242578125,,,
Myanmar,for a man to beat his wife,-0.8813826336762117,-2.7232421875,,,
Myanmar,parents beating children,-0.1024074074074074,-2.89453125,,,
Myanmar,violence against other people,-0.9025113520526362,-2.886328125,,,
Myanmar,"terrorism as a political, ideological or religious mean",-0.8778611806134743,-2.60576171875,,,
Myanmar,having casual sex,-0.9141877490501343,-2.373828125,,,
Myanmar,political violence,-0.9036233898619219,-2.5236328125,,,
Myanmar,death penalty,-0.3483709273182957,-2.9869140625,,,
Netherlands,claiming government benefits to which you are not entitled,-0.8734693877551021,-2.630078125,,,
Netherlands,avoiding a fare on public transport,-0.7565815434917413,-1.790625,,,
Netherlands,stealing property,-0.9228566616136097,-2.9146484375,,,
Netherlands,cheating on taxes,-0.8094593832797791,-2.929296875,,,
Netherlands,someone accepting a bribe in the course of their duties,-0.8972757244490717,-2.1333984375,,,
Netherlands,homosexuality,0.7847443617900579,-2.0322265625,,,
Netherlands,prostitution,0.1617149758454106,-2.3873046875,,,
Netherlands,abortion,0.47508771929824567,-1.6392578125,,,
Netherlands,divorce,0.5986335475652829,-2.122265625,,,
Netherlands,sex before marriage,0.7393604784909134,-2.238671875,,,
Netherlands,suicide,-0.025427471764780118,-2.5580078125,,,
Netherlands,euthanasia,0.4582319545823196,-1.651953125,,,
Netherlands,for a man to beat his wife,-0.9372126920058304,-2.3578125,,,
Netherlands,parents beating children,-0.837843895332549,-2.7458984375,,,
Netherlands,violence against other people,-0.8413657990484187,-2.668359375,,,
Netherlands,"terrorism as a political, ideological or religious mean",-0.9571130297387281,-2.3970703125,,,
Netherlands,having casual sex,0.3731768054073284,-1.977734375,,,
Netherlands,political violence,-0.877398598184534,-2.2701171875,,,
Netherlands,death penalty,-0.46631853785900784,-2.8861328125,,,
New Zealand,claiming government benefits to which you are not entitled,-0.7808338790657062,-2.65576171875,,,
New Zealand,avoiding a fare on public transport,-0.744888023369036,-1.82109375,,,
New Zealand,stealing property,-0.9143473570658037,-2.7849609375,,,
New Zealand,cheating on taxes,-0.8238218763510593,-2.917578125,,,
New Zealand,someone accepting a bribe in the course of their duties,-0.9236178729849617,-2.2134765625,,,
New Zealand,homosexuality,0.40620490620490624,-1.998046875,,,
New Zealand,prostitution,-0.03414290742696235,-2.258984375,,,
New Zealand,abortion,0.29105911608454843,-1.623828125,,,
New Zealand,divorce,0.5089605734767025,-2.10234375,,,
New Zealand,sex before marriage,0.5333106344342299,-2.097265625,,,
New Zealand,suicide,-0.48773448773448774,-2.5947265625,,,
New Zealand,euthanasia,0.3568573712458604,-1.76484375,,,
New Zealand,for a man to beat his wife,-0.9697068051498432,-2.3134765625,,,
New Zealand,parents beating children,-0.8950677506775069,-2.690234375,,,
New Zealand,violence against other people,-0.8555446942543717,-2.600390625,,,
New Zealand,"terrorism as a political, ideological or religious mean",-0.9576511678672779,-2.29404296875,,,
New Zealand,having casual sex,0.049816345270890725,-1.75703125,,,
New Zealand,political violence,-0.8237855946398661,-2.268359375,,,
New Zealand,death penalty,-0.27326710060523013,-2.8875,,,
Nicaragua,claiming government benefits to which you are not entitled,-0.32481481481481483,-2.89296875,,,
Nicaragua,avoiding a fare on public transport,-0.41111111111111104,-2.1224609375,,,
Nicaragua,stealing property,-0.8533333333333334,-2.985546875,,,
Nicaragua,cheating on taxes,-0.7355555555555556,-3.007421875,,,
Nicaragua,someone accepting a bribe in the course of their duties,-0.7479629629629629,-2.3138671875,,,
Nicaragua,homosexuality,-0.4968518518518518,-2.275390625,,,
Nicaragua,prostitution,-0.6214814814814814,-2.50625,,,
Nicaragua,abortion,-0.7661111111111111,-1.958203125,,,
Nicaragua,divorce,-0.22666666666666666,-2.3705078125,,,
Nicaragua,sex before marriage,-0.3137037037037037,-2.45078125,,,
Nicaragua,suicide,-0.8220370370370369,-2.85234375,,,
Nicaragua,euthanasia,-0.6733333333333333,-2.409375,,,
Nicaragua,for a man to beat his wife,-0.8698148148148148,-2.76953125,,,
Nicaragua,parents beating children,-0.255,-2.94296875,,,
Nicaragua,violence against other people,-0.7833333333333333,-2.8451171875,,,
Nicaragua,"terrorism as a political, ideological or religious mean",-0.7787037037037036,-2.571484375,,,
Nicaragua,having casual sex,-0.461111111111111,-2.347265625,,,
Nicaragua,political violence,-0.7607407407407407,-2.4111328125,,,
Nicaragua,death penalty,-0.7081481481481482,-3.103125,,,
Nigeria,claiming government benefits to which you are not entitled,-0.7770574464253557,-2.737939453125,,,
Nigeria,avoiding a fare on public transport,-0.7741731999639542,-2.1056640625,,,
Nigeria,stealing property,-0.8490328385065228,-2.9859375,,,
Nigeria,cheating on taxes,-0.8245993156852152,-3.048046875,,,
Nigeria,someone accepting a bribe in the course of their duties,-0.8412955465587044,-2.2685546875,,,
Nigeria,homosexuality,-0.8888888888888887,-2.45234375,,,
Nigeria,prostitution,-0.8588807785888077,-2.56875,,,
Nigeria,abortion,-0.8425097188319319,-2.269140625,,,
Nigeria,divorce,-0.6720867208672088,-2.5130859375,,,
Nigeria,sex before marriage,-0.6242391205596439,-2.6232421875,,,
Nigeria,suicide,-0.8772024451636101,-2.8197265625,,,
Nigeria,euthanasia,-0.8561097022635484,-2.2501953125,,,
Nigeria,for a man to beat his wife,-0.7900134952766532,-2.6275390625,,,
Nigeria,parents beating children,0.1220783890686803,-2.873828125,,,
Nigeria,violence against other people,-0.8101140752717146,-2.887890625,,,
Nigeria,"terrorism as a political, ideological or religious mean",-0.8531103919453433,-2.4728515625,,,
Nigeria,having casual sex,-0.6533550665580005,-2.384375,,,
Nigeria,political violence,-0.8434016540812657,,,,
Nigeria,death penalty,-0.6397085610200364,-2.904296875,,,
Pakistan,claiming government benefits to which you are not entitled,-0.6138246215367038,-2.8509765625,,,
Pakistan,avoiding a fare on public transport,-0.7683310841205577,-2.01513671875,,,
Pakistan,stealing property,-0.8251760261033833,-2.9919921875,,,
Pakistan,cheating on taxes,-0.7849313487942772,-3.0345703125,,,
Pakistan,someone accepting a bribe in the course of their duties,-0.8535353535353535,-2.295703125,,,
Pakistan,homosexuality,-0.8705738705738706,-2.3912109375,,,
Pakistan,prostitution,-0.8769091012320445,-2.4130859375,,,
Pakistan,abortion,-0.8245050829320493,-2.0,,,
Pakistan,divorce,-0.7044929251930775,-2.4,,,
Pakistan,sex before marriage,-0.8726121849214423,-2.4552734375,,,
Pakistan,suicide,-0.8767676767676768,,,,
Pakistan,euthanasia,-0.8576051779935275,-2.064453125,,,
Pakistan,for a man to beat his wife,-0.7912388774811773,-2.5517578125,,,
Pakistan,parents beating children,-0.4796637127925471,-2.841015625,,,
Pakistan,violence against other people,-0.8396066463207867,-2.79375,,,
Pakistan,"terrorism as a political, ideological or religious mean",-0.8549876670682041,-2.5591796875,,,
Pakistan,having casual sex,-0.8521937321937322,-2.33984375,,,
Pakistan,political violence,-0.8755832037325039,,,,
Pakistan,death penalty,-0.399700943179204,,,,
Peru,claiming government benefits to which you are not entitled,-0.44682598341134927,-2.73427734375,,,
Peru,avoiding a fare on public transport,-0.6060825488776249,-1.9251953125,,,
Peru,stealing property,-0.8759764068228919,-2.926171875,,,
Peru,cheating on taxes,-0.8095238095238094,-2.9875,,,
Peru,someone accepting a bribe in the course of their duties,-0.841108693900572,-2.247265625,,,
Peru,homosexuality,-0.5898078529657477,-2.3287109375,,,
Peru,prostitution,-0.7073369123149503,-2.4501953125,,,
Peru,abortion,-0.7055393586005831,-1.9490234375,,,
Peru,divorce,-0.2604974160206718,-2.262109375,,,
Peru,sex before marriage,-0.251539788125154,-2.367578125,,,
Peru,suicide,-0.7972283005105762,-2.65703125,,,
Peru,euthanasia,-0.4546225614927905,-1.97265625,,,
Peru,for a man to beat his wife,-0.8932696136997214,-2.508203125,,,
Peru,parents beating children,-0.7998886502823511,-2.7560546875,,,
Peru,violence against other people,-0.86468567776979,-2.6591796875,,,
Peru,"terrorism as a political, ideological or religious mean",-0.8581525312294542,-2.29921875,,,
Peru,having casual sex,-0.6250738209735931,-2.162109375,,,
Peru,political violence,-0.83778922410269,-2.2990234375,,,
Peru,death penalty,-0.3432062798413854,-3.0142578125,,,
Philippines,claiming government benefits to which you are not entitled,-0.04796296296296295,-2.8025390625,,,
Philippines,avoiding a fare on public transport,-0.15299786859419887,-2.063671875,,,
Philippines,stealing property,-0.4131625359695535,-2.953515625,,,
Philippines,cheating on taxes,-0.31571137080319045,-2.8873046875,,,
Philippines,someone accepting a bribe in the course of their duties,-0.2851851851851852,-2.221875,,,
Philippines,homosexuality,-0.2066666666666667,-2.38671875,,,
Philippines,prostitution,-0.38356037438606244,-2.5044921875,,,
Philippines,abortion,-0.5514814814814816,-1.994140625,,,
Philippines,divorce,-0.2877777777777778,-2.287109375,,,
Philippines,sex before marriage,-0.26340196624002965,-2.5958984375,,,
Philippines,suicide,-0.5277546103234176,-2.7076171875,,,
Philippines,euthanasia,-0.4166666666666667,-2.0828125,,,
Philippines,for a man to beat his wife,-0.45825224724307295,-2.4615234375,,,
Philippines,parents beating children,-0.34129629629629626,-2.7205078125,,,
Philippines,violence against other people,-0.3935185185185185,-2.86796875,,,
Philippines,"terrorism as a political, ideological or religious mean",-0.2940413307385784,-2.4751953125,,,
Philippines,having casual sex,-0.36208495640882954,-2.251171875,,,
Philippines,political violence,-0.3346296296296296,-2.4662109375,,,
Philippines,death penalty,-0.3055323881011955,-2.814453125,,,
Romania,claiming government benefits to which you are not entitled,-0.7416276722635103,-2.79599609375,,,
Romania,avoiding a fare on public transport,-0.7974706413730803,-1.8185546875,,,
Romania,stealing property,-0.8951917882225825,-3.034375,,,
Romania,cheating on taxes,-0.7537293192297261,-3.0484375,,,
Romania,someone accepting a bribe in the course of their duties,-0.8618814573137573,-2.21328125,,,
Romania,homosexuality,-0.7016794762311416,-2.2751953125,,,
Romania,prostitution,-0.7857673727238945,-2.4283203125,,,
Romania,abortion,-0.535727646838758,-1.85546875,,,
Romania,divorce,-0.21415994810490221,-2.1828125,,,
Romania,sex before marriage,-0.1675213675213675,-2.450390625,,,
Romania,suicide,-0.8516680452164321,-2.5087890625,,,
Romania,euthanasia,-0.748448956570784,-1.99140625,,,
Romania,for a man to beat his wife,-0.9133801548712408,-2.5349609375,,,
Romania,parents beating children,-0.8297795771479982,-2.9451171875,,,
Romania,violence against other people,-0.9141414141414141,-2.6353515625,,,
Romania,"terrorism as a political, ideological or religious mean",-0.9281153074256522,-2.47724609375,,,
Romania,having casual sex,-0.6374170638258106,-2.180078125,,,
Romania,political violence,-0.8860256765493674,,,,
Romania,death penalty,-0.6986944679252372,,,,
Russia,claiming government benefits to which you are not entitled,-0.3577094215515574,-2.56328125,,,
Russia,avoiding a fare on public transport,-0.13414710485133022,-1.9677734375,,,
Russia,stealing property,-0.7172057082320683,-2.859375,,,
Russia,cheating on taxes,-0.4130628906748309,-2.88828125,,,
Russia,someone accepting a bribe in the course of their duties,-0.6831882961281373,-2.1181640625,,,
Russia,homosexuality,-0.6434415413037742,-2.346875,,,
Russia,prostitution,-0.566051182377713,-2.4876953125,,,
Russia,abortion,-0.20514319111630624,-1.9390625,,,
Russia,divorce,0.13242708532771713,-2.18671875,,,
Russia,sex before marriage,0.12510430708004364,-2.45703125,,,
Russia,suicide,-0.6203483768804433,,,,
Russia,euthanasia,-0.18698528419063049,-1.962109375,,,
Russia,for a man to beat his wife,-0.7480886850152905,-2.326171875,,,
Russia,parents beating children,-0.7030314489191403,-2.67109375,,,
Russia,violence against other people,-0.7606352807714124,-2.5556640625,,,
Russia,"terrorism as a political, ideological or religious mean",-0.8029730410682793,-2.332421875,,,
Russia,having casual sex,-0.28669573259347336,-2.2244140625,,,
Russia,political violence,-0.685250162443145,,,,
Russia,death penalty,-0.20830812663843515,,,,
Singapore,claiming government benefits to which you are not entitled,-0.6573333333333332,-2.7517578125,,,
Singapore,avoiding a fare on public transport,-0.8177977877827803,-1.83515625,,,
Singapore,stealing property,-0.9221833138791619,-2.8265625,,,
Singapore,cheating on taxes,-0.8816594372149928,-2.9587890625,,,
Singapore,someone accepting a bribe in the course of their duties,-0.9091313535757981,-1.8263671875,,,
Singapore,homosexuality,-0.4560697518443998,-1.982421875,,,
Singapore,prostitution,-0.6052235057759919,-2.1419921875,,,
Singapore,abortion,-0.49206349206349204,-1.69375,,,
Singapore,divorce,-0.2877721943048576,-2.074609375,,,
Singapore,sex before marriage,-0.3253928311804507,-2.28203125,,,
Singapore,suicide,-0.6750934761984486,-2.465234375,,,
Singapore,euthanasia,-0.2913492466565092,-1.60546875,,,
Singapore,for a man to beat his wife,-0.9286269286269286,-2.40859375,,,
Singapore,parents beating children,-0.4753333333333334,-2.7021484375,,,
Singapore,violence against other people,-0.8701947079380928,-2.7306640625,,,
Singapore,"terrorism as a political, ideological or religious mean",-0.932367149758454,-2.48349609375,,,
Singapore,having casual sex,-0.5850659512631343,-2.0314453125,,,
Singapore,political violence,-0.8777166360958257,-2.211328125,,,
Singapore,death penalty,-0.16018332215515316,-2.958984375,,,
South Korea,claiming government benefits to which you are not entitled,-0.5032574743418116,-2.7478515625,,,
South Korea,avoiding a fare on public transport,-0.5621597501115574,-2.1515625,,,
South Korea,stealing property,-0.7301204819277108,-2.955859375,,,
South Korea,cheating on taxes,-0.728157072735386,-3.0263671875,,,
South Korea,someone accepting a bribe in the course of their duties,-0.72904953145917,-2.290234375,,,
South Korea,homosexuality,-0.5039714413208389,-2.28984375,,,
South Korea,prostitution,-0.6330209727800089,-2.3330078125,,,
South Korea,abortion,-0.35296742525658187,-1.8716796875,,,
South Korea,divorce,-0.0532797858099063,-2.1828125,,,
South Korea,sex before marriage,-0.16001784917447567,-2.54453125,,,
South Korea,suicide,-0.6260597947344935,-2.757421875,,,
South Korea,euthanasia,-0.23676929941990182,-2.077734375,,,
South Korea,for a man to beat his wife,-0.7745649263721552,-2.540234375,,,
South Korea,parents beating children,-0.6892458723784025,-2.8662109375,,,
South Korea,violence against other people,-0.7419009370816599,-2.6421875,,,
South Korea,"terrorism as a political, ideological or religious mean",-0.7210174029451136,-2.67734375,,,
South Korea,having casual sex,-0.6635430611334225,-2.0955078125,,,
South Korea,political violence,-0.6794288264167782,-2.249609375,,,
South Korea,death penalty,-0.25783132530120484,-2.92265625,,,
Taiwan ROC,claiming government benefits to which you are not entitled,-0.5551921504497138,-2.505078125,,,
Taiwan ROC,avoiding a fare on public transport,-0.7245389297719633,-2.0818359375,,,
Taiwan ROC,stealing property,-0.9058780775869901,-2.6021484375,,,
Taiwan ROC,cheating on taxes,-0.8337421640774052,-2.8818359375,,,
Taiwan ROC,someone accepting a bribe in the course of their duties,-0.8724448078495503,-2.26591796875,,,
Taiwan ROC,homosexuality,-0.25520123557735985,-2.3291015625,,,
Taiwan ROC,prostitution,-0.5201235577359862,-2.358984375,,,
Taiwan ROC,abortion,-0.4676115199418552,-1.609375,,,
Taiwan ROC,divorce,-0.1078404651585355,-2.0220703125,,,
Taiwan ROC,sex before marriage,-0.07240846733896612,-2.30234375,,,
Taiwan ROC,suicide,-0.5982556554919596,-2.3484375,,,
Taiwan ROC,euthanasia,0.13128009448532751,-1.7611328125,,,
Taiwan ROC,for a man to beat his wife,-0.8689924593440538,-2.5169921875,,,
Taiwan ROC,parents beating children,-0.2782774597983102,-2.7466796875,,,
Taiwan ROC,violence against other people,-0.8608158444626147,-2.5701171875,,,
Taiwan ROC,"terrorism as a political, ideological or religious mean",-0.9189606613972925,-2.469140625,,,
Taiwan ROC,having casual sex,-0.4810575088579994,-2.059765625,,,
Taiwan ROC,political violence,-0.8544562551103843,-2.20703125,,,
Taiwan ROC,death penalty,0.3251500272776868,-3.048046875,,,
Tajikistan,claiming government benefits to which you are not entitled,-0.5337037037037036,-2.74052734375,,,
Tajikistan,avoiding a fare on public transport,-0.6446296296296297,-1.871875,,,
Tajikistan,stealing property,-0.7353703703703703,-3.023046875,,,
Tajikistan,cheating on taxes,-0.6838888888888889,-3.1220703125,,,
Tajikistan,someone accepting a bribe in the course of their duties,-0.7209259259259259,-2.219140625,,,
Tajikistan,prostitution,-0.7540740740740741,-2.3068359375,,,
Tajikistan,abortion,-0.7037037037037037,-1.875390625,,,
Tajikistan,divorce,-0.6964814814814815,-2.262890625,,,
Tajikistan,sex before marriage,-0.7487037037037038,-2.445703125,,,
Tajikistan,suicide,-0.7594444444444444,-2.7361328125,,,
Tajikistan,euthanasia,-0.6992592592592592,-2.1693359375,,,
Tajikistan,for a man to beat his wife,-0.7118518518518518,-2.443359375,,,
Tajikistan,parents beating children,-0.7133333333333334,-2.8966796875,,,
Tajikistan,violence against other people,-0.7224074074074074,-2.73359375,,,
Tajikistan,"terrorism as a political, ideological or religious mean",-0.7270370370370369,-2.59990234375,,,
Tajikistan,having casual sex,-0.7414814814814814,-2.166015625,,,
Tajikistan,political violence,-0.73,-2.375,,,
Tajikistan,death penalty,-0.6748148148148148,-3.0990234375,,,
Thailand,claiming government benefits to which you are not entitled,-0.729697242881827,-2.7361328125,,,
Thailand,avoiding a fare on public transport,-0.7297094938604372,-2.0583984375,,,
Thailand,stealing property,-0.8148646627785253,-2.9765625,,,
Thailand,cheating on taxes,-0.8337071930611634,-3.0154296875,,,
Thailand,someone accepting a bribe in the course of their duties,-0.8295199641094662,-2.230078125,,,
Thailand,homosexuality,-0.2870931537598205,-2.31171875,,,
Thailand,prostitution,-0.6677920324105334,-2.45234375,,,
Thailand,abortion,-0.6900269541778976,-1.9509765625,,,
Thailand,divorce,-0.20344182566404787,-2.403515625,,,
Thailand,sex before marriage,-0.22702702702702704,-2.6693359375,,,
Thailand,suicide,-0.6691358024691357,-2.88125,,,
Thailand,euthanasia,-0.6094230624953109,-2.1046875,,,
Thailand,for a man to beat his wife,-0.7782258064516129,-2.601171875,,,
Thailand,parents beating children,-0.7067921990585071,-2.80625,,,
Thailand,violence against other people,-0.800941492938803,-2.7662109375,,,
Thailand,"terrorism as a political, ideological or religious mean",-0.8100792582623,-2.68662109375,,,
Thailand,having casual sex,-0.6744534291704103,-2.0671875,,,
Thailand,political violence,-0.7135171486213854,-2.3712890625,,,
Thailand,death penalty,-0.22222222222222218,-3.041015625,,,
Tunisia,claiming government benefits to which you are not entitled,-0.6081920118617365,-2.77529296875,,,
Tunisia,avoiding a fare on public transport,-0.7509928881499954,-1.95068359375,,,
Tunisia,stealing property,-0.8821464856377574,-2.960546875,,,
Tunisia,cheating on taxes,-0.7953410981697171,-2.9765625,,,
Tunisia,someone accepting a bribe in the course of their duties,-0.8359656414519256,-2.39921875,,,
Tunisia,homosexuality,-0.9084422203688258,-2.1931640625,,,
Tunisia,prostitution,-0.8507435115913918,-2.2416015625,,,
Tunisia,abortion,-0.6293829216393746,-1.987109375,,,
Tunisia,divorce,-0.302141011443337,-2.231640625,,,
Tunisia,sex before marriage,-0.880655009714127,-2.4751953125,,,
Tunisia,suicide,-0.9032853451458104,-2.7875,,,
Tunisia,euthanasia,-0.81145341844759,-2.1876953125,,,
Tunisia,for a man to beat his wife,-0.7919896640826872,-2.6169921875,,,
Tunisia,parents beating children,-0.5544481358434846,-2.7912109375,,,
Tunisia,violence against other people,-0.8917473490087598,-2.690625,,,
Tunisia,"terrorism as a political, ideological or religious mean",-0.9225365132187096,-2.5162109375,,,
Tunisia,having casual sex,-0.9177980973492196,-2.140625,,,
Tunisia,political violence,-0.9222869830696641,-2.3287109375,,,
Tunisia,death penalty,-0.476613052320207,-2.998046875,,,
Turkey,claiming government benefits to which you are not entitled,-0.8017892736290734,-2.59912109375,,,
Turkey,avoiding a fare on public transport,-0.7562814070351759,-1.8736328125,,,
Turkey,stealing property,-0.8643002403401738,-2.776953125,,,
Turkey,cheating on taxes,-0.8473672001855718,-2.954296875,,,
Turkey,someone accepting a bribe in the course of their duties,-0.8554071600816175,-2.2138671875,,,
Turkey,homosexuality,-0.7606620585884233,-2.2953125,,,
Turkey,prostitution,-0.8104437911241774,-2.4294921875,,,
Turkey,abortion,-0.650511881281112,-1.8755859375,,,
Turkey,divorce,-0.24395417904115402,-2.303515625,,,
Turkey,sex before marriage,-0.7000941619585687,-2.483984375,,,
Turkey,suicide,-0.822110692876063,,,,
Turkey,euthanasia,-0.6599283154121863,-2.186328125,,,
Turkey,for a man to beat his wife,-0.8213707251608127,-2.462109375,,,
Turkey,parents beating children,-0.7570370370370371,-2.702734375,,,
Turkey,violence against other people,-0.7877861180613475,-2.6892578125,,,
Turkey,having casual sex,-0.7008583087097229,-2.1640625,,,
Turkey,death penalty,-0.49022939677145283,,,,
Ukraine,claiming government benefits to which you are not entitled,-0.46615370523037464,-2.62138671875,,,
Ukraine,avoiding a fare on public transport,-0.41891290810426113,-2.0640625,,,
Ukraine,stealing property,-0.7876621657400054,-2.897265625,,,
Ukraine,cheating on taxes,-0.5359207266721717,-2.9576171875,,,
Ukraine,someone accepting a bribe in the course of their duties,-0.6742301458670988,-2.209375,,,
Ukraine,homosexuality,-0.6150565152484538,-2.52109375,,,
Ukraine,prostitution,-0.567647933392804,-2.529296875,,,
Ukraine,abortion,-0.3209549071618037,-2.0443359375,,,
Ukraine,divorce,0.04044966375589682,-2.272265625,,,
Ukraine,sex before marriage,0.09898242368177614,-2.567578125,,,
Ukraine,suicide,-0.724904214559387,-2.6212890625,,,
Ukraine,euthanasia,-0.1813826146475017,-2.28515625,,,
Ukraine,for a man to beat his wife,-0.7795626952253458,-2.5119140625,,,
Ukraine,parents beating children,-0.6781919683054205,-2.767578125,,,
Ukraine,violence against other people,-0.7560017849174475,-2.7041015625,,,
Ukraine,"terrorism as a political, ideological or religious mean",-0.8174154784324277,-2.4025390625,,,
Ukraine,having casual sex,-0.3774053382991931,-2.3744140625,,,
Ukraine,political violence,-0.7410220346929207,-2.4248046875,,,
Ukraine,death penalty,-0.23094934014474242,-2.8490234375,,,
United States,claiming government benefits to which you are not entitled,-0.6598303911388023,-2.70537109375,,,
United States,avoiding a fare on public transport,-0.5705261336102457,-2.028515625,,,
United States,stealing property,-0.8017480096919348,-2.8625,,,
United States,cheating on taxes,-0.7533264212890963,-3.096484375,,,
United States,someone accepting a bribe in the course of their duties,-0.8286208387375703,-2.2755859375,,,
United States,homosexuality,0.22152560083594564,-2.4599609375,,,
United States,prostitution,-0.3699519542916504,-2.5083984375,,,
United States,abortion,-0.09622126996493963,-1.9150390625,,,
United States,divorce,0.24387397899649943,-2.245703125,,,
United States,sex before marriage,0.2700021659085986,-2.5373046875,,,
United States,suicide,-0.48148148148148145,-2.648046875,,,
United States,euthanasia,-0.025707720986690944,-1.799609375,,,
United States,for a man to beat his wife,-0.9079118028534372,-2.3572265625,,,
United States,parents beating children,-0.7797657634297074,-2.72890625,,,
United States,violence against other people,-0.687521633783316,-2.6810546875,,,
United States,"terrorism as a political, ideological or religious mean",-0.8763510592304367,-2.33662109375,,,
United States,having casual sex,0.06124745704021122,-2.1625,,,
United States,political violence,-0.7286066744578625,-2.269140625,,,
United States,death penalty,0.002511474841950287,-3.037109375,,,
Venezuela,claiming government benefits to which you are not entitled,-0.2956115779645192,-2.77666015625,,,
Venezuela,avoiding a fare on public transport,-0.5363211951447246,-2.115625,,,
Venezuela,stealing property,-0.8001867413632119,-3.15703125,,,
Venezuela,cheating on taxes,-0.7301587301587302,-3.0556640625,,,
Venezuela,someone accepting a bribe in the course of their duties,-0.7527544351073763,-2.40322265625,,,
Venezuela,homosexuality,-0.29318394024276373,-2.5177734375,,,
Venezuela,prostitution,-0.492063492063492,-2.4552734375,,,
Venezuela,abortion,-0.5906629318394024,-2.1828125,,,
Venezuela,divorce,0.005975723622782437,-2.32578125,,,
Venezuela,sex before marriage,-0.06087768440709617,-2.5123046875,,,
Venezuela,suicide,-0.6879551820728291,-2.8830078125,,,
Venezuela,euthanasia,-0.48173386333522616,-2.351953125,,,
Venezuela,for a man to beat his wife,-0.7557422969187675,-2.6546875,,,
Venezuela,parents beating children,-0.4274509803921569,-2.8333984375,,,
Venezuela,violence against other people,-0.6943043884220355,-2.81171875,,,
Venezuela,"terrorism as a political, ideological or religious mean",-0.7540616246498599,-2.416015625,,,
Venezuela,having casual sex,-0.21549953314659193,-2.3939453125,,,
Venezuela,political violence,-0.6935574229691877,-2.462109375,,,
Venezuela,death penalty,-0.4819794584500467,-2.9818359375,,,
Vietnam,claiming government benefits to which you are not entitled,-0.21685185185185182,-2.78017578125,,,
Vietnam,avoiding a fare on public transport,-0.46129629629629626,-1.99453125,,,
Vietnam,stealing property,-0.6677777777777778,-2.9359375,,,
Vietnam,cheating on taxes,-0.5927777777777777,-2.9291015625,,,
Vietnam,someone accepting a bribe in the course of their duties,-0.5783333333333334,-2.1458984375,,,
Vietnam,homosexuality,0.03166666666666667,-2.33046875,,,
Vietnam,prostitution,-0.3451851851851852,-2.4947265625,,,
Vietnam,abortion,-0.2961111111111111,-2.139453125,,,
Vietnam,divorce,-0.05925925925925925,-2.44453125,,,
Vietnam,sex before marriage,0.005925925925925928,-2.590234375,,,
Vietnam,suicide,-0.2290740740740741,-2.779296875,,,
Vietnam,euthanasia,-0.13703703703703704,-2.1140625,,,
Vietnam,for a man to beat his wife,-0.5996296296296296,-2.639453125,,,
Vietnam,parents beating children,-0.21296296296296297,-2.8130859375,,,
Vietnam,violence against other people,-0.545,-2.76640625,,,
Vietnam,"terrorism as a political, ideological or religious mean",-0.5344444444444444,-2.5822265625,,,
Vietnam,having casual sex,-0.13314814814814815,-2.24609375,,,
Vietnam,political violence,-0.48074074074074075,-2.3396484375,,,
Vietnam,death penalty,-0.295,,,,
Zimbabwe,claiming government benefits to which you are not entitled,-0.7297396406307297,-2.67587890625,,,
Zimbabwe,avoiding a fare on public transport,-0.755610515709444,-1.933984375,,,
Zimbabwe,stealing property,-0.8489840746842395,-2.9365234375,,,
Zimbabwe,cheating on taxes,-0.8099679926840421,-2.9146484375,,,
Zimbabwe,someone accepting a bribe in the course of their duties,-0.7966318872414424,-2.2130859375,,,
Zimbabwe,homosexuality,-0.8406674000733407,-2.341015625,,,
Zimbabwe,prostitution,-0.8227709190672154,-2.437890625,,,
Zimbabwe,abortion,-0.8288907208940184,-2.1255859375,,,
Zimbabwe,divorce,-0.6189429330402124,-2.4482421875,,,
Zimbabwe,sex before marriage,-0.6976380847348589,-2.4705078125,,,
Zimbabwe,suicide,-0.8561875973252726,-2.6791015625,,,
Zimbabwe,euthanasia,-0.802775480194835,-2.099609375,,,
Zimbabwe,for a man to beat his wife,-0.7992299229922992,-2.5896484375,,,
Zimbabwe,parents beating children,-0.2604282022886674,-2.7646484375,,,
Zimbabwe,violence against other people,-0.8358523403865531,-2.71796875,,,
Zimbabwe,"terrorism as a political, ideological or religious mean",-0.827507110744105,-2.39970703125,,,
Zimbabwe,having casual sex,-0.7856553998351196,-2.225,,,
Zimbabwe,political violence,-0.8437098255280073,-2.370703125,,,
Zimbabwe,death penalty,-0.6726403823178017,-2.914453125,,,
